Community Name,Address,Services
"Westwood Place, Cleveland, OH - Assisted Living","Location: 1375 W 25th St, Cleveland, OH 44113",Services: Assisted Living
"Summit Point, Macedonia, OH - Assisted Living","9633 Valley View Rd, Macedonia, OH 44056","Services: Independent Living, Assisted Living, Memory Care"
"Mount Alverna Village, Parma, OH - Assisted Living, Memory Care","6765 State Rd, Parma, OH 44134","Services: Independent Living, Assisted Living, Memory Care, Skilled Nursing, Rehabilitation"
"Rose Senior Living at Beachwood, Beachwood, OH - Independent Living, Assisted Living","23611 Harvard Rd, Beachwood, OH 44122","Services: Independent Living, Assisted Living, Memory Care"
"Vitalia Rockside, Seven Hills, OH - Independent Living, Assisted Living, Memory Care","6101 Lombardo Center, Seven Hills, OH 44131","Services: Independent Living, Assisted Living, Memory Care"
"StoryPoint Shaker Heights, Shaker Heights, OH - Independent Living, Assisted Living, Memory Care","Location: 16300 Chagrin Blvd, Shaker Heights, OH 44120","Services: Independent Living, Assisted Living, Memory Care"
"The Woodlands by Heritage Retirement Communities, Shaker Heights, OH - Independent Living","Location: 16333 Chagrin Blvd, Shaker Heights, OH 44120","Services: Independent Living, Assisted Living, Memory Care"
"Forest Hills Place, Cleveland, OH - Assisted Living","Location: 3151 Mayfield Rd, Cleveland Heights, OH 44118",Services: Assisted Living
"Woodside Senior Living, Bedford, OH - Assisted Living","Location: 19455 Rockside Rd, Bedford, OH 44146",Services: Assisted Living
"Eliza Jennings, Cleveland, OH - Independent Living, Assisted Living","Location: 10603 Detroit Ave, Cleveland, OH 44102 (main campus)","Services: Independent Living, Assisted Living, Skilled Nursing, Rehabilitation"
"Brooklyn Pointe Assisted Living and Memory Care, Brooklyn, OH - Assisted Living, Memory Care","Location: 4800 Idlewood Dr, Brooklyn, OH 44144","Services: Assisted Living, Memory Care"
"HarborChase of Shaker Heights, Shaker Heights, OH - Assisted Living, Memory Care","Location: 17050 Van Aken Blvd, Shaker Heights, OH 44120","Services: Assisted Living, Memory Care"
"Marymount Place, Garfield Heights, OH - Assisted Living","Location: 5100 Marymount Village Dr, Garfield Heights, OH 44125",Services: Assisted Living
"Vista Springs Ravinia, Independence, OH - Assisted Living, Memory Care","Location: 6046 Brecksville Rd, Independence, OH 44131","Services: Assisted Living, Memory Care"
"Haven at Lakewood, Lakewood, OH - Assisted Living","Location: 1341 Marlowe Ave, Lakewood, OH 44107",Services: Assisted Living
"American House Macedonia, Macedonia, OH - Independent Living, Assisted Living","Location: 8401 S Bedford Rd, Macedonia, OH 44056","Services: Independent Living, Assisted Living"
"Arden Courts of Parma, Parma, OH - Memory Care (Assisted Living)","Location: 9205 W Sprague Rd, Parma, OH 44133","Services: Assisted Living, Memory Care"
"Berea Alzheimer's Care Center, Berea, OH - Memory Care (Assisted Living)","Location: 255 Front St, Berea, OH 44017","Services: Assisted Living, Memory Care"
"Bickford of Rocky River, Rocky River, OH - Assisted Living, Memory Care","Location: 21600 Detroit Rd, Rocky River, OH 44116","Services: Assisted Living, Memory Care"
"Cardinal Court Alzheimer's Special Care Center, Strongsville, OH - Memory Care (Assisted Living)","Location: 18719 Drake Rd, Strongsville, OH 44136","Services: Assisted Living, Memory Care"
"Danbury Senior Living Brunswick, Brunswick, OH - Independent Living, Assisted Living, Memory Care","Location: 3430 Brunswick Lake Pkwy, Brunswick, OH 44212","Services: Independent Living, Assisted Living, Memory Care"
"Elmcroft of Sagamore Hills, Northfield, OH - Assisted Living, Memory Care","Location: 997 W Aurora Rd, Northfield, OH 44067","Services: Assisted Living, Memory Care"
"Kemper House Strongsville, Strongsville, OH - Assisted Living, Memory Care","Location: 10890 Prospect Rd, Strongsville, OH 44149","Services: Assisted Living, Memory Care"
"Paramount Senior Living, Middleburg Heights, OH - Independent Living, Assisted Living","Location: 15435 Bagley Rd, Middleburg Heights, OH 44130","Services: Independent Living, Assisted Living"
"Sunrise of Westlake, Westlake, OH - Assisted Living, Memory Care","Location: 27819 Center Ridge Rd, Westlake, OH 44145","Services: Assisted Living, Memory Care"
"The Grande at Middleburg Heights, Middleburg Heights, OH - Assisted Living","Location: 7510 Pearl Rd, Middleburg Heights, OH 44130",Services: Assisted Living
"The Grande at Westlake, Westlake, OH - Assisted Living","Location: 28777 Detroit Rd, Westlake, OH 44145",Services: Assisted Living
"Sunrise At Parma, Parma, OH - Assisted Living, Memory Care","Location: 7766 Broadview Rd, Parma, OH 44134","Services: Assisted Living, Memory Care"
"Legacy Place Parma, Parma, OH - Assisted Living","Location: 7377 Ridge Rd, Parma, OH 44129",Services: Assisted Living
"SHEVCHENKO MANOR, Parma, OH - Assisted Living","Location: 2222 Westbrook Dr, Parma, OH 44134",Services: Assisted Living
"StoryPoint Strongsville, Strongsville, OH - Independent Living, Assisted Living, Memory Care","Location: 19205 Pearl Rd, Strongsville, OH 44136","Services: Independent Living, Assisted Living, Memory Care"
"Brookdale Westlake Village, Westlake, OH - Assisted Living, Memory Care","Location: 28460 Westlake Village Dr, Westlake, OH 44145","Services: Assisted Living, Memory Care"
"Brookdale Gardens at Westlake, Westlake, OH - Independent Living","Location: 27569 Detroit Rd, Westlake, OH 44145",Services: Independent Living
"Fairmont of Westlake, Westlake, OH - Assisted Living, Memory Care","Location: 27819 Center Ridge Rd, Westlake, OH 44145","Services: Assisted Living, Memory Care"
"Light of Hearts Villa, Bedford, OH - Assisted Living, Memory Care","Location: 283 Union St, Bedford, OH 44146","Services: Assisted Living, Memory Care"
"Arden Courts of Westlake, Westlake, OH - Memory Care (Assisted Living)","Location: 28400 Center Ridge Rd, Westlake, OH 44145","Services: Assisted Living, Memory Care"
"Vitalia North Royalton, North Royalton, OH - Independent Living, Assisted Living, Memory Care","Location: 8239 York Rd, North Royalton, OH 44133","Services: Independent Living, Assisted Living, Memory Care"
"Vitalia Active Adult Community North Olmsted, North Olmsted, OH - Independent Living","Location: 29801 Lorain Rd, North Olmsted, OH 44070",Services: Independent Living
"The Ganzhorn Suites of Avon, Avon, OH - Memory Care (Assisted Living)","Location: 33350 Colorado Ave, Avon, OH 44011","Services: Assisted Living, Memory Care"
"Maplewood at Cuyahoga Falls, Cuyahoga Falls, OH - Assisted Living, Memory Care","Location: 190 W Bath Rd, Cuyahoga Falls, OH 44223","Services: Assisted Living, Memory Care"
"Danbury Woods in Cuyahoga Falls, Cuyahoga Falls, OH - Assisted Living, Memory Care","Location: 1691 Queens Gate Cir, Cuyahoga Falls, OH 44221","Services: Assisted Living, Memory Care"
"StoryPoint Medina, Medina, OH - Independent Living, Assisted Living, Memory Care","Location: 100 High Point Dr, Medina, OH 44256","Services: Independent Living, Assisted Living, Memory Care"
"Brookdale Richmond Heights, Richmond Heights, OH - Assisted Living, Memory Care","Location: 3 Homewood Way, Richmond Heights, OH 44143","Services: Assisted Living, Memory Care"
"Waterford At Richmond Heights, Richmond Heights, OH - Independent Living, Assisted Living","Location: 261 Richmond Rd, Richmond Heights, OH 44143","Services: Independent Living, Assisted Living"
South Franklin Circle,"Location: 16575 S Franklin St, Chagrin Falls, OH 44023","Services: Independent Living, Assisted Living, Memory Care, Skilled Nursing"
"Maplewood at Chardon, Chardon, OH - Assisted Living, Memory Care","Location: 12350 Bass Lake Rd, Chardon, OH 44024","Services: Assisted Living, Memory Care"
"The Winfield at Richmond Heights, Richmond Heights, OH - Assisted Living, Memory Care","Location: 261 Richmond Rd, Richmond Heights, OH 44143","Services: Assisted Living, Memory Care"
"Saint Augustine Towers Assisted Living Residences, Cleveland, OH - Assisted Living","Location: 7821 Lake Ave, Cleveland, OH 44102",Services: Assisted Living
"Judson Manor, Cleveland, OH - Independent Living, Assisted Living","Location: 1890 E 107th St, Cleveland, OH 44106","Services: Independent Living, Assisted Living"
"Rely’s Adult Family Home, Parma, OH - Assisted Living","Location: 7500 Big Creek Pkwy, Parma, OH 44130",Services: Assisted Living
"Your Second Family, Brooklyn, OH - Assisted Living","Location: 4667 Tiedeman Rd, Brooklyn, OH 44144",Services: Assisted Living
"O'Neill Healthcare Lakewood, Lakewood, OH - Assisted Living, Memory Care","Location: 13900 Detroit Ave, Lakewood, OH 44107","Services: Assisted Living, Memory Care"
"Danbury Senior Living Cuyahoga Falls, Cuyahoga Falls, OH - Assisted Living, Memory Care","Location: 2645 Sackett Ave, Cuyahoga Falls, OH 44223","Location: 2645 Sackett Ave, Cuyahoga Falls, OH 44223"
"Danbury Senior Living Mentor, Mentor, OH - Assisted Living, Memory Care","Location: 9150 Lakeshore Blvd, Mentor, OH 44060","Services: Assisted Living, Memory Care"
"Danbury Senior Living North Ridgeville, North Ridgeville, OH - Assisted Living, Memory Care","Location: 33770 Bagley Rd, North Ridgeville, OH 44039","Services: Assisted Living, Memory Care"
"Danbury Senior Living Wooster, Wooster, OH - Assisted Living, Memory Care","Location: 939 Portage Rd, Wooster, OH 44691","Services: Assisted Living, Memory Care"
"Brookdale Bath, Akron, OH - Assisted Living, Memory Care","Location: 101 N Cleveland Massillon Rd, Akron, OH 44333","Services: Assisted Living, Memory Care"
"Brookdale Montrose, Akron, OH - Assisted Living, Memory Care","Location: 4050 Jaclyns Way, Akron, OH 44333","Services: Assisted Living, Memory Care"
"Brookdale Medina South, Medina, OH - Assisted Living, Memory Care","Location: 100 High Point Dr, Medina, OH 44256","Services: Assisted Living, Memory Care"
"Brookdale Wickliffe, Wickliffe, OH - Assisted Living, Memory Care","Location: 30630 Ridge Rd, Wickliffe, OH 44092","Services: Assisted Living, Memory Care"
"Vitalia Mentor, Mentor, OH - Independent Living, Assisted Living, Memory Care","Location: 8180 Mentor Hills Dr, Mentor, OH 44060","Services: Independent Living, Assisted Living, Memory Care"
"Vitalia Montrose, Akron, OH - Independent Living, Assisted Living, Memory Care","Location: 4041 Heritage Center Dr, Akron, OH 44321","Services: Independent Living, Assisted Living, Memory Care"
"Vitalia Solon, Solon, OH - Independent Living, Assisted Living, Memory Care","Location: 6050 Kruse Dr, Solon, OH 44139","Services: Independent Living, Assisted Living, Memory Care"
"Vitalia Stow, Stow, OH - Independent Living, Assisted Living, Memory Care","Location: 4291 Allen Rd, Stow, OH 44224","Services: Independent Living, Assisted Living, Memory Care"
"StoryPoint Rockside, Seven Hills, OH - Independent Living, Assisted Living, Memory Care","Location: 6100 Lombardo Center, Seven Hills, OH 44131","Services: Independent Living, Assisted Living, Memory Care"
"StoryPoint Troy, Troy, OH - Assisted Living, Memory Care","Location: 1840 Towne Park Dr, Troy, OH 45373","Services: Assisted Living, Memory Care"
"Sunrise of Cuyahoga Falls, Cuyahoga Falls, OH - Assisted Living, Memory Care","Location: 1500 State Rd, Cuyahoga Falls, OH 44223","Services: Assisted Living, Memory Care"
"Sunrise of Rocky River, Rocky River, OH - Assisted Living, Memory Care","Location: 21600 Detroit Rd, Rocky River, OH 44116","Services: Assisted Living, Memory Care"
"Sunrise of Shaker Heights, Shaker Heights, OH - Assisted Living, Memory Care","Location: 16333 Chagrin Blvd, Shaker Heights, OH 44120","Services: Assisted Living, Memory Care"
"Sunrise of Poland, Poland, OH - Assisted Living, Memory Care","Location: 335 W McKinley Way, Poland, OH 44514","Services: Assisted Living, Memory Care"